{"train": {"reached": 0.7605, "rew_torques": -0.06605200469493866, "rew_dof_acc": -4.0977325439453125, "rew_collision": -1.3400105237960815, "rew_action_rate": -2.4240059852600098, "rew_dof_pos_limits": -0.9836000800132751, "rew_exploration": 1.181369662284851, "rew_stalling": -0.13092996180057526, "rew_reach_goal": 3.0420000553131104, "rew_total": -4.818961143493652, "episode_length": 198.8699951171875, "goal_dist": 1.5999999999999999, "fps": 182.88680042526593}, "_timestamp": 1693939320.8947122, "_runtime": 94733.83461618423, "_step": 212213, "eval": {"reached": NaN}, "metrics": {"adaptation_loss": 0.33230815678834913, "mean_value_loss": 0.4431580021977425, "mean_surrogate_loss": -0.005030157136934577, "mean_decoder_loss": 0.0, "mean_decoder_loss_student": 0.0, "mean_decoder_test_loss": 0.0, "mean_decoder_test_loss_student": 0.0, "mean_adaptation_module_test_loss": 0.3308965563774109}, "_wandb": {"runtime": 94734}}