{"train": {"rew_torques": -0.04262862727046013, "rew_dof_acc": -0.6218380928039551, "rew_collision": 0.0, "rew_action_rate": -1.1598199605941772, "rew_reaching_linear_vel": 19.89892578125, "rew_reaching_z": -1.4401980638504028, "rew_reaching_yaw": 10.530657768249512, "rew_dof_pos_limits": -0.0677567645907402, "rew_base_height": 0.0, "rew_reaching_roll": -0.29704710841178894, "rew_reaching_pitch": -0.34917640686035156, "rew_total": 26.55714225769043, "episode_length": 1002.0, "fps": 1093.8091947627975}, "_timestamp": 1691322976.2098846, "_runtime": 53794.25091075897, "_step": 367767, "metrics": {"adaptation_loss": 0.33221720457077025, "mean_value_loss": 0.0025049589108675717, "mean_surrogate_loss": -0.0026449694589246063, "mean_decoder_loss": 0.0, "mean_decoder_loss_student": 0.0, "mean_decoder_test_loss": 0.0, "mean_decoder_test_loss_student": 0.0, "mean_adaptation_module_test_loss": 0.3325182572007179}}